{
  "Abu Al-Duhur 09": {
    "Map-Spezifisch": "Syria",
    "TACAN": null,
    "I(C)LS": null,
    "Primär": 136200,
    "Sekundär": 230800,
    "ATIS": 230850,
    "Runway": "09",
    "DCS-AirfieldName": "Abu al-Duhur",
    "MagVar": 5,
    "KI ATC UHF": 250350,
    "KI ATC VHF": 122200,
    "Land": "Syrien",
    "Comments": null
  },
  "Abu Al-Duhur 27": {
    "Map-Spezifisch": "Syria",
    "TACAN": null,
    "I(C)LS": null,
    "Primär": 136200,
    "Sekundär": 230800,
    "ATIS": 230850,
    "Runway": "27",
    "DCS-AirfieldName": "Abu al-Duhur",
    "MagVar": 5,
    "KI ATC UHF": 250350,
    "KI ATC VHF": 122200,
    "Land": "Syrien",
    "Comments": null
  },
  "Abu Dhabi Intl. Airport 13L": {
    "Map-Spezifisch": "PersianGulf",
    "TACAN": null,
    "I(C)LS": null,
    "Primär": 151100,
    "Sekundär": 257300,
    "ATIS": 257350,
    "Runway": "13L",
    "DCS-AirfieldName": "Abu Dhabi Intl",
    "MagVar": -2,
    "KI ATC UHF": 250500,
    "KI ATC VHF": 119200,
    "Land": "VAE",
    "Comments": null
  },
  "Abu Dhabi Intl. Airport 13R": {
    "Map-Spezifisch": "PersianGulf",
    "TACAN": null,
    "I(C)LS": null,
    "Primär": 151100,
    "Sekundär": 257300,
    "ATIS": 257350,
    "Runway": "13R",
    "DCS-AirfieldName": "Abu Dhabi Intl",
    "MagVar": -2,
    "KI ATC UHF": 250500,
    "KI ATC VHF": 119200,
    "Land": "VAE",
    "Comments": null
  },
  "Abu Dhabi Intl. Airport 31L": {
    "Map-Spezifisch": "PersianGulf",
    "TACAN": null,
    "I(C)LS": null,
    "Primär": 151100,
    "Sekundär": 257300,
    "ATIS": 257350,
    "Runway": "31L",
    "DCS-AirfieldName": "Abu Dhabi Intl",
    "MagVar": -2,
    "KI ATC UHF": 250500,
    "KI ATC VHF": 119200,
    "Land": "VAE",
    "Comments": null
  },
  "Abu Dhabi Intl. Airport 31R": {
    "Map-Spezifisch": "PersianGulf",
    "TACAN": null,
    "I(C)LS": null,
    "Primär": 151100,
    "Sekundär": 257300,
    "ATIS": 257350,
    "Runway": "31R",
    "DCS-AirfieldName": "Abu Dhabi Intl",
    "MagVar": -2,
    "KI ATC UHF": 250500,
    "KI ATC VHF": 119200,
    "Land": "VAE",
    "Comments": null
  },
  "Abu Musa Island Airport 08": {
    "Map-Spezifisch": "PersianGulf",
    "TACAN": null,
    "I(C)LS": null,
    "Primär": 153800,
    "Sekundär": 255100,
    "ATIS": 255150,
    "Runway": "08",
    "DCS-AirfieldName": "Abu Musa Island",
    "MagVar": -2,
    "KI ATC UHF": 250400,
    "KI ATC VHF": 122900,
    "Land": "Iran",
    "Comments": null
  },
  "Abu Musa Island Airport 26": {
    "Map-Spezifisch": "PersianGulf",
    "TACAN": null,
    "I(C)LS": null,
    "Primär": 153800,
    "Sekundär": 255100,
    "ATIS": 255150,
    "Runway": "26",
    "DCS-AirfieldName": "Abu Musa Island",
    "MagVar": -2,
    "KI ATC UHF": 250400,
    "KI ATC VHF": 122900,
    "Land": "Iran",
    "Comments": null
  },
  "Adana Sakripasa 05": {
    "Map-Spezifisch": "Syria",
    "TACAN": null,
    "I(C)LS": null,
    "Primär": 128400,
    "Sekundär": 242300,
    "ATIS": 242350,
    "Runway": "05",
    "DCS-AirfieldName": "Adana Sakripasa",
    "MagVar": 5,
    "KI ATC UHF": 250900,
    "KI ATC VHF": 121100,
    "Land": "Türkei",
    "Comments": null
  },
  "Adana Sakripasa 23": {
    "Map-Spezifisch": "Syria",
    "TACAN": null,
    "I(C)LS": null,
    "Primär": 128400,
    "Sekundär": 242300,
    "ATIS": 242350,
    "Runway": "27",
    "DCS-AirfieldName": "Adana Sakripasa",
    "MagVar": 5,
    "KI ATC UHF": 250900,
    "KI ATC VHF": 121100,
    "Land": "Türkei",
    "Comments": null
  },
  "Al Ain Intl. Airport 01": {
    "Map-Spezifisch": "PersianGulf",
    "TACAN": null,
    "I(C)LS": null,
    "Primär": 150600,
    "Sekundär": 255800,
    "ATIS": 255850,
    "Runway": "01",
    "DCS-AirfieldName": "Al Ain Intl",
    "MagVar": -2,
    "KI ATC UHF": 250650,
    "KI ATC VHF": 119850,
    "Land": "VAE",
    "Comments": null
  },
  "Al Ain Intl. Airport 19": {
    "Map-Spezifisch": "PersianGulf",
    "TACAN": null,
    "I(C)LS": null,
    "Primär": 150600,
    "Sekundär": 255800,
    "ATIS": 255850,
    "Runway": "19",
    "DCS-AirfieldName": "Al Ain Intl",
    "MagVar": -2,
    "KI ATC UHF": 250650,
    "KI ATC VHF": 119850,
    "Land": "VAE",
    "Comments": null
  },
  "Al Bateen Airport 13": {
    "Map-Spezifisch": "PersianGulf",
    "TACAN": null,
    "I(C)LS": null,
    "Primär": 136900,
    "Sekundär": 258500,
    "ATIS": 258550,
    "Runway": "13",
    "DCS-AirfieldName": "Al-Bateen",
    "MagVar": -2,
    "KI ATC UHF": 250550,
    "KI ATC VHF": 119900,
    "Land": "VAE",
    "Comments": null
  },
  "Al Bateen Airport 31": {
    "Map-Spezifisch": "PersianGulf",
    "TACAN": null,
    "I(C)LS": null,
    "Primär": 136900,
    "Sekundär": 258500,
    "ATIS": 258550,
    "Runway": "31",
    "DCS-AirfieldName": "Al-Bateen",
    "MagVar": -2,
    "KI ATC UHF": 250550,
    "KI ATC VHF": 119900,
    "Land": "VAE",
    "Comments": null
  },
  "Al Dhafra AB 13L": {
    "Map-Spezifisch": "PersianGulf",
    "TACAN": "96X",
    "I(C)LS": 114900,
    "Primär": 126800,
    "Sekundär": 350550,
    "ATIS": 350600,
    "Runway": "13L",
    "DCS-AirfieldName": "Al Dhafra AFB",
    "MagVar": -2,
    "KI ATC UHF": 251000,
    "KI ATC VHF": 126500,
    "Land": "VAE",
    "Comments": null
  },
  "Al Dhafra AB 13R": {
    "Map-Spezifisch": "PersianGulf",
    "TACAN": "96X",
    "I(C)LS": 111100,
    "Primär": 126800,
    "Sekundär": 350550,
    "ATIS": 350600,
    "Runway": "13R",
    "DCS-AirfieldName": "Al Dhafra AFB",
    "MagVar": -2,
    "KI ATC UHF": 251000,
    "KI ATC VHF": 126500,
    "Land": "VAE",
    "Comments": null
  },
  "Al Dhafra AB 31L": {
    "Map-Spezifisch": "PersianGulf",
    "TACAN": "96X",
    "I(C)LS": 109100,
    "Primär": 126800,
    "Sekundär": 350550,
    "ATIS": 350600,
    "Runway": "31L",
    "DCS-AirfieldName": "Al Dhafra AFB",
    "MagVar": -2,
    "KI ATC UHF": 251000,
    "KI ATC VHF": 126500,
    "Land": "VAE",
    "Comments": null
  },
  "Al Dhafra AB 31R": {
    "Map-Spezifisch": "PersianGulf",
    "TACAN": "96X",
    "I(C)LS": 111200,
    "Primär": 126800,
    "Sekundär": 350550,
    "ATIS": 350600,
    "Runway": "31R",
    "DCS-AirfieldName": "Al Dhafra AFB",
    "MagVar": -2,
    "KI ATC UHF": 251000,
    "KI ATC VHF": 126500,
    "Land": "VAE",
    "Comments": null
  },
  "Al Maktoum Intl. 12": {
    "Map-Spezifisch": "PersianGulf",
    "TACAN": null,
    "I(C)LS": 111750,
    "Primär": 119700,
    "Sekundär": 275300,
    "ATIS": 275350,
    "Runway": "12",
    "DCS-AirfieldName": "Al Maktoum Intl",
    "MagVar": -2,
    "KI ATC UHF": 251100,
    "KI ATC VHF": 118650,
    "Land": "VAE",
    "Comments": null
  },
  "Al Maktoum Intl. 30": {
    "Map-Spezifisch": "PersianGulf",
    "TACAN": null,
    "I(C)LS": 109750,
    "Primär": 119700,
    "Sekundär": 275300,
    "ATIS": 275350,
    "Runway": "30",
    "DCS-AirfieldName": "Al Maktoum Intl",
    "MagVar": -2,
    "KI ATC UHF": 251100,
    "KI ATC VHF": 118650,
    "Land": "VAE",
    "Comments": null
  },
  "Al Minhad AB 09": {
    "Map-Spezifisch": "PersianGulf",
    "TACAN": "99X",
    "I(C)LS": 110700,
    "Primär": 152400,
    "Sekundär": 310300,
    "ATIS": 310350,
    "Runway": "09",
    "DCS-AirfieldName": "Al Minhad AFB",
    "MagVar": -2,
    "KI ATC UHF": 250100,
    "KI ATC VHF": 121800,
    "Land": "VAE",
    "Comments": null
  },
  "Al Minhad AB 27": {
    "Map-Spezifisch": "PersianGulf",
    "TACAN": "99X",
    "I(C)LS": 110750,
    "Primär": 152400,
    "Sekundär": 310300,
    "ATIS": 310350,
    "Runway": "27",
    "DCS-AirfieldName": "Al Minhad AFB",
    "MagVar": -2,
    "KI ATC UHF": 250100,
    "KI ATC VHF": 121800,
    "Land": "VAE",
    "Comments": null
  },
  "Al Qusayr 10": {
    "Map-Spezifisch": "Syria",
    "TACAN": null,
    "I(C)LS": null,
    "Primär": 136400,
    "Sekundär": 237400,
    "ATIS": 237450,
    "Runway": "10",
    "DCS-AirfieldName": "Al Qusayr",
    "MagVar": 5,
    "KI ATC UHF": 251250,
    "KI ATC VHF": 119200,
    "Land": "Syrien",
    "Comments": null
  },
  "Al Qusayr 28": {
    "Map-Spezifisch": "Syria",
    "TACAN": null,
    "I(C)LS": null,
    "Primär": 136400,
    "Sekundär": 237400,
    "ATIS": 237450,
    "Runway": "28",
    "DCS-AirfieldName": "Al Qusayr",
    "MagVar": 5,
    "KI ATC UHF": 251250,
    "KI ATC VHF": 119200,
    "Land": "Syrien",
    "Comments": null
  },
  "Al-Dumayr 06": {
    "Map-Spezifisch": "Syria",
    "TACAN": null,
    "I(C)LS": null,
    "Primär": 135600,
    "Sekundär": 265800,
    "ATIS": 265850,
    "Runway": "06",
    "DCS-AirfieldName": "Al-Dumayr",
    "MagVar": 5,
    "KI ATC UHF": 251550,
    "KI ATC VHF": 120300,
    "Land": "Syrien",
    "Comments": null
  },
  "Al-Dumayr 24": {
    "Map-Spezifisch": "Syria",
    "TACAN": null,
    "I(C)LS": null,
    "Primär": 135600,
    "Sekundär": 265800,
    "ATIS": 265850,
    "Runway": "24",
    "DCS-AirfieldName": "Al-Dumayr",
    "MagVar": 5,
    "KI ATC UHF": 251550,
    "KI ATC VHF": 120300,
    "Land": "Syrien",
    "Comments": null
  },
  "Aleppo 09": {
    "Map-Spezifisch": "Syria",
    "TACAN": null,
    "I(C)LS": null,
    "Primär": 125200,
    "Sekundär": 238600,
    "ATIS": 238650,
    "Runway": "09",
    "DCS-AirfieldName": "Aleppo",
    "MagVar": 5,
    "KI ATC UHF": 250750,
    "KI ATC VHF": 119100,
    "Land": "Syrien",
    "Comments": null
  },
  "Aleppo 27": {
    "Map-Spezifisch": "Syria",
    "TACAN": null,
    "I(C)LS": null,
    "Primär": 125200,
    "Sekundär": 238600,
    "ATIS": 238650,
    "Runway": "27",
    "DCS-AirfieldName": "Aleppo",
    "MagVar": 5,
    "KI ATC UHF": 250750,
    "KI ATC VHF": 119100,
    "Land": "Syrien",
    "Comments": null
  },
  "An Nasiriyah 04": {
    "Map-Spezifisch": "Syria",
    "TACAN": null,
    "I(C)LS": null,
    "Primär": 120100,
    "Sekundär": 261500,
    "ATIS": 261550,
    "Runway": "04",
    "DCS-AirfieldName": "An Nasiriyah",
    "MagVar": 5,
    "KI ATC UHF": 251350,
    "KI ATC VHF": 122300,
    "Land": "Syrien",
    "Comments": null
  },
  "An Nasiriyah 22": {
    "Map-Spezifisch": "Syria",
    "TACAN": null,
    "I(C)LS": null,
    "Primär": 120100,
    "Sekundär": 261500,
    "ATIS": 261550,
    "Runway": "22",
    "DCS-AirfieldName": "An Nasiriyah",
    "MagVar": 5,
    "KI ATC UHF": 251350,
    "KI ATC VHF": 122300,
    "Land": "Syrien",
    "Comments": null
  },
  "Anapa-Vityazevo 04": {
    "Map-Spezifisch": "Caucasus",
    "TACAN": null,
    "I(C)LS": null,
    "Primär": 126400,
    "Sekundär": 252300,
    "ATIS": 252350,
    "Runway": "04",
    "DCS-AirfieldName": "Anapa-Vityazevo",
    "MagVar": -6,
    "KI ATC UHF": 250000,
    "KI ATC VHF": 121000,
    "Land": "Russland",
    "Comments": null
  },
  "Anapa-Vityazevo 22": {
    "Map-Spezifisch": "Caucasus",
    "TACAN": null,
    "I(C)LS": null,
    "Primär": 126400,
    "Sekundär": 252300,
    "ATIS": 252350,
    "Runway": "22",
    "DCS-AirfieldName": "Anapa-Vityazevo",
    "MagVar": -6,
    "KI ATC UHF": 250000,
    "KI ATC VHF": 121000,
    "Land": "Russland",
    "Comments": null
  },
  "Bandar Abbas Intl. 03L": {
    "Map-Spezifisch": "PersianGulf",
    "TACAN": null,
    "I(C)LS": null,
    "Primär": 150100,
    "Sekundär": 280100,
    "ATIS": 280150,
    "Runway": "03L",
    "DCS-AirfieldName": "Bandar Abbas Intl",
    "MagVar": -2,
    "KI ATC UHF": 250900,
    "KI ATC VHF": 118100,
    "Land": "Iran",
    "Comments": null
  },
  "Bandar Abbas Intl. 03R": {
    "Map-Spezifisch": "PersianGulf",
    "TACAN": null,
    "I(C)LS": null,
    "Primär": 150100,
    "Sekundär": 280100,
    "ATIS": 280150,
    "Runway": "03R",
    "DCS-AirfieldName": "Bandar Abbas Intl",
    "MagVar": -2,
    "KI ATC UHF": 250900,
    "KI ATC VHF": 118100,
    "Land": "Iran",
    "Comments": null
  },
  "Bandar Abbas Intl. 21L": {
    "Map-Spezifisch": "PersianGulf",
    "TACAN": null,
    "I(C)LS": null,
    "Primär": 150100,
    "Sekundär": 280100,
    "ATIS": 280150,
    "Runway": "21L",
    "DCS-AirfieldName": "Bandar Abbas Intl",
    "MagVar": -2,
    "KI ATC UHF": 250900,
    "KI ATC VHF": 118100,
    "Land": "Iran",
    "Comments": null
  },
  "Bandar Abbas Intl. 21R": {
    "Map-Spezifisch": "PersianGulf",
    "TACAN": null,
    "I(C)LS": 333800,
    "Primär": 150100,
    "Sekundär": 280100,
    "ATIS": 280150,
    "Runway": "21R",
    "DCS-AirfieldName": "Bandar Abbas Intl",
    "MagVar": -2,
    "KI ATC UHF": 250900,
    "KI ATC VHF": 118100,
    "Land": "Iran",
    "Comments": null
  },
  "Bandar Lengeh 08": {
    "Map-Spezifisch": "PersianGulf",
    "TACAN": null,
    "I(C)LS": null,
    "Primär": 138200,
    "Sekundär": 315700,
    "ATIS": 315750,
    "Runway": "08",
    "DCS-AirfieldName": "Bandar Lengeh",
    "MagVar": -2,
    "KI ATC UHF": 250950,
    "KI ATC VHF": 121700,
    "Land": "Iran",
    "Comments": null
  },
  "Bandar Lengeh 26": {
    "Map-Spezifisch": "PersianGulf",
    "TACAN": null,
    "I(C)LS": null,
    "Primär": 138200,
    "Sekundär": 315700,
    "ATIS": 315750,
    "Runway": "26",
    "DCS-AirfieldName": "Bandar Lengeh",
    "MagVar": -2,
    "KI ATC UHF": 250950,
    "KI ATC VHF": 121700,
    "Land": "Iran",
    "Comments": null
  },
  "Bandar-e-Jask Airfield 06": {
    "Map-Spezifisch": "PersianGulf",
    "TACAN": null,
    "I(C)LS": null,
    "Primär": 149300,
    "Sekundär": 275500,
    "ATIS": 275550,
    "Runway": "06",
    "DCS-AirfieldName": "Bandar-e-Jask",
    "MagVar": -2,
    "KI ATC UHF": null,
    "KI ATC VHF": null,
    "Land": "Iran",
    "Comments": null
  },
  "Bandar-e-Jask Airfield 24": {
    "Map-Spezifisch": "PersianGulf",
    "TACAN": null,
    "I(C)LS": null,
    "Primär": 149300,
    "Sekundär": 275500,
    "ATIS": 275550,
    "Runway": "24",
    "DCS-AirfieldName": "Bandar-e-Jask",
    "MagVar": -2,
    "KI ATC UHF": null,
    "KI ATC VHF": null,
    "Land": "Iran",
    "Comments": null
  },
  "Bassel Al-Assad 17L": {
    "Map-Spezifisch": "Syria",
    "TACAN": null,
    "I(C)LS": null,
    "Primär": 124100,
    "Sekundär": 252600,
    "ATIS": 252650,
    "Runway": "17",
    "DCS-AirfieldName": "Bassel Al-Assad",
    "MagVar": 5,
    "KI ATC UHF": 250450,
    "KI ATC VHF": 118100,
    "Land": "Syrien",
    "Comments": null
  },
  "Bassel Al-Assad 17R": {
    "Map-Spezifisch": "Syria",
    "TACAN": null,
    "I(C)LS": 109100,
    "Primär": 124100,
    "Sekundär": 252600,
    "ATIS": 252650,
    "Runway": "17",
    "DCS-AirfieldName": "Bassel Al-Assad",
    "MagVar": 5,
    "KI ATC UHF": 250450,
    "KI ATC VHF": 118100,
    "Land": "Syrien",
    "Comments": null
  },
  "Bassel Al-Assad 35L": {
    "Map-Spezifisch": "Syria",
    "TACAN": null,
    "I(C)LS": null,
    "Primär": 124100,
    "Sekundär": 252600,
    "ATIS": 252650,
    "Runway": "35",
    "DCS-AirfieldName": "Bassel Al-Assad",
    "MagVar": 5,
    "KI ATC UHF": 250450,
    "KI ATC VHF": 118100,
    "Land": "Syrien",
    "Comments": null
  },
  "Bassel Al-Assad 35R": {
    "Map-Spezifisch": "Syria",
    "TACAN": null,
    "I(C)LS": null,
    "Primär": 124100,
    "Sekundär": 252600,
    "ATIS": 252650,
    "Runway": "35",
    "DCS-AirfieldName": "Bassel Al-Assad",
    "MagVar": 5,
    "KI ATC UHF": 250450,
    "KI ATC VHF": 118100,
    "Land": "Syrien",
    "Comments": null
  },
  "Batumi 13": {
    "Map-Spezifisch": "Caucasus",
    "TACAN": "16X",
    "I(C)LS": 110300,
    "Primär": 136300,
    "Sekundär": 245600,
    "ATIS": 245650,
    "Runway": "13",
    "DCS-AirfieldName": "Batumi",
    "MagVar": -6,
    "KI ATC UHF": 260000,
    "KI ATC VHF": 131000,
    "Land": "Georgien",
    "Comments": null
  },
  "Batumi 31": {
    "Map-Spezifisch": "Caucasus",
    "TACAN": "16X",
    "I(C)LS": null,
    "Primär": 136300,
    "Sekundär": 245600,
    "ATIS": 245650,
    "Runway": "31",
    "DCS-AirfieldName": "Batumi",
    "MagVar": -6,
    "KI ATC UHF": 260000,
    "KI ATC VHF": 131000,
    "Land": "Georgien",
    "Comments": null
  },
  "Beirut-Rafic Hariri 03": {
    "Map-Spezifisch": "Syria",
    "TACAN": null,
    "I(C)LS": 110700,
    "Primär": 118800,
    "Sekundär": 246300,
    "ATIS": 246350,
    "Runway": "03",
    "DCS-AirfieldName": "Beirut-Rafic Hariri",
    "MagVar": 5,
    "KI ATC UHF": 251400,
    "KI ATC VHF": 118900,
    "Land": "Libanon",
    "Comments": null
  },
  "Beirut-Rafic Hariri 16": {
    "Map-Spezifisch": "Syria",
    "TACAN": null,
    "I(C)LS": 110100,
    "Primär": 118800,
    "Sekundär": 246300,
    "ATIS": 246350,
    "Runway": "16",
    "DCS-AirfieldName": "Beirut-Rafic Hariri",
    "MagVar": 5,
    "KI ATC UHF": 251400,
    "KI ATC VHF": 118900,
    "Land": "Libanon",
    "Comments": null
  },
  "Beirut-Rafic Hariri 17": {
    "Map-Spezifisch": "Syria",
    "TACAN": null,
    "I(C)LS": 109500,
    "Primär": 118800,
    "Sekundär": 246300,
    "ATIS": 246350,
    "Runway": "17",
    "DCS-AirfieldName": "Beirut-Rafic Hariri",
    "MagVar": 5,
    "KI ATC UHF": 251400,
    "KI ATC VHF": 118900,
    "Land": "Libanon",
    "Comments": null
  },
  "Beirut-Rafic Hariri 21": {
    "Map-Spezifisch": "Syria",
    "TACAN": null,
    "I(C)LS": null,
    "Primär": 118800,
    "Sekundär": 246300,
    "ATIS": 246350,
    "Runway": "21",
    "DCS-AirfieldName": "Beirut-Rafic Hariri",
    "MagVar": 5,
    "KI ATC UHF": 251400,
    "KI ATC VHF": 118900,
    "Land": "Libanon",
    "Comments": null
  },
  "Beirut-Rafic Hariri 34": {
    "Map-Spezifisch": "Syria",
    "TACAN": null,
    "I(C)LS": null,
    "Primär": 118800,
    "Sekundär": 246300,
    "ATIS": 246350,
    "Runway": "34",
    "DCS-AirfieldName": "Beirut-Rafic Hariri",
    "MagVar": 5,
    "KI ATC UHF": 251400,
    "KI ATC VHF": 118900,
    "Land": "Libanon",
    "Comments": null
  },
  "Beirut-Rafic Hariri 35": {
    "Map-Spezifisch": "Syria",
    "TACAN": null,
    "I(C)LS": null,
    "Primär": 118800,
    "Sekundär": 246300,
    "ATIS": 246350,
    "Runway": "35",
    "DCS-AirfieldName": "Beirut-Rafic Hariri",
    "MagVar": 5,
    "KI ATC UHF": 251400,
    "KI ATC VHF": 118900,
    "Land": "Libanon",
    "Comments": null
  },
  "Beslan 10": {
    "Map-Spezifisch": "Caucasus",
    "TACAN": null,
    "I(C)LS": 110500,
    "Primär": 143500,
    "Sekundär": 272300,
    "ATIS": 272350,
    "Runway": "10",
    "DCS-AirfieldName": "Beslan",
    "MagVar": -6,
    "KI ATC UHF": 270000,
    "KI ATC VHF": 141000,
    "Land": "Russland",
    "Comments": null
  },
  "Beslan 28": {
    "Map-Spezifisch": "Caucasus",
    "TACAN": null,
    "I(C)LS": null,
    "Primär": 143500,
    "Sekundär": 272300,
    "ATIS": 272350,
    "Runway": "28",
    "DCS-AirfieldName": "Beslan",
    "MagVar": -6,
    "KI ATC UHF": 270000,
    "KI ATC VHF": 141000,
    "Land": "Russland",
    "Comments": null
  },
  "Damascus 05L": {
    "Map-Spezifisch": "Syria",
    "TACAN": null,
    "I(C)LS": null,
    "Primär": 126300,
    "Sekundär": 271100,
    "ATIS": 271150,
    "Runway": "05",
    "DCS-AirfieldName": "Damascus",
    "MagVar": 5,
    "KI ATC UHF": 251450,
    "KI ATC VHF": 118500,
    "Land": "Syrien",
    "Comments": null
  },
  "Damascus 05R": {
    "Map-Spezifisch": "Syria",
    "TACAN": null,
    "I(C)LS": 111100,
    "Primär": 126300,
    "Sekundär": 271100,
    "ATIS": 271150,
    "Runway": "05",
    "DCS-AirfieldName": "Damascus",
    "MagVar": 5,
    "KI ATC UHF": 251450,
    "KI ATC VHF": 118500,
    "Land": "Syrien",
    "Comments": null
  },
  "Damascus 23L": {
    "Map-Spezifisch": "Syria",
    "TACAN": null,
    "I(C)LS": null,
    "Primär": 126300,
    "Sekundär": 271100,
    "ATIS": 271150,
    "Runway": "05",
    "DCS-AirfieldName": "Damascus",
    "MagVar": 5,
    "KI ATC UHF": 251450,
    "KI ATC VHF": 118500,
    "Land": "Syrien",
    "Comments": null
  },
  "Damascus 23R": {
    "Map-Spezifisch": "Syria",
    "TACAN": null,
    "I(C)LS": 109900,
    "Primär": 126300,
    "Sekundär": 271100,
    "ATIS": 271150,
    "Runway": "05",
    "DCS-AirfieldName": "Damascus",
    "MagVar": 5,
    "KI ATC UHF": 251450,
    "KI ATC VHF": 118500,
    "Land": "Syrien",
    "Comments": null
  },
  "Dubai Intl. 12L": {
    "Map-Spezifisch": "PersianGulf",
    "TACAN": null,
    "I(C)LS": null,
    "Primär": 135100,
    "Sekundär": 300100,
    "ATIS": 300150,
    "Runway": "12L",
    "DCS-AirfieldName": "Dubai Intl",
    "MagVar": -2,
    "KI ATC UHF": 251050,
    "KI ATC VHF": 118750,
    "Land": "VAE",
    "Comments": null
  },
  "Dubai Intl. 12R": {
    "Map-Spezifisch": "PersianGulf",
    "TACAN": null,
    "I(C)LS": 110100,
    "Primär": 135100,
    "Sekundär": 300100,
    "ATIS": 300150,
    "Runway": "12R",
    "DCS-AirfieldName": "Dubai Intl",
    "MagVar": -2,
    "KI ATC UHF": 251050,
    "KI ATC VHF": 118750,
    "Land": "VAE",
    "Comments": null
  },
  "Dubai Intl. 30L": {
    "Map-Spezifisch": "PersianGulf",
    "TACAN": null,
    "I(C)LS": null,
    "Primär": 135100,
    "Sekundär": 300100,
    "ATIS": 300150,
    "Runway": "30L",
    "DCS-AirfieldName": "Dubai Intl",
    "MagVar": -2,
    "KI ATC UHF": 251050,
    "KI ATC VHF": 118750,
    "Land": "VAE",
    "Comments": null
  },
  "Dubai Intl. 30R": {
    "Map-Spezifisch": "PersianGulf",
    "TACAN": null,
    "I(C)LS": 110900,
    "Primär": 135100,
    "Sekundär": 300100,
    "ATIS": 300150,
    "Runway": "30R",
    "DCS-AirfieldName": "Dubai Intl",
    "MagVar": -2,
    "KI ATC UHF": 251050,
    "KI ATC VHF": 118750,
    "Land": "VAE",
    "Comments": null
  },
  "Eyn Shemer 10": {
    "Map-Spezifisch": "Syria",
    "TACAN": null,
    "I(C)LS": null,
    "Primär": 127700,
    "Sekundär": 230500,
    "ATIS": 230550,
    "Runway": "10",
    "DCS-AirfieldName": "Eyn Shemer",
    "MagVar": 5,
    "KI ATC UHF": 250000,
    "KI ATC VHF": 123400,
    "Land": "Israel",
    "Comments": null
  },
  "Eyn Shemer 28": {
    "Map-Spezifisch": "Syria",
    "TACAN": null,
    "I(C)LS": null,
    "Primär": 127700,
    "Sekundär": 230500,
    "ATIS": 230550,
    "Runway": "28",
    "DCS-AirfieldName": "Eyn Shemer",
    "MagVar": 5,
    "KI ATC UHF": 250000,
    "KI ATC VHF": 123400,
    "Land": "Israel",
    "Comments": null
  },
  "Fujairah Intl. 11": {
    "Map-Spezifisch": "PersianGulf",
    "TACAN": null,
    "I(C)LS": null,
    "Primär": 125600,
    "Sekundär": 254700,
    "ATIS": 254750,
    "Runway": "11",
    "DCS-AirfieldName": "Fujairah Intl1",
    "MagVar": -2,
    "KI ATC UHF": 251150,
    "KI ATC VHF": 124600,
    "Land": "VAE",
    "Comments": null
  },
  "Fujairah Intl. 29": {
    "Map-Spezifisch": "PersianGulf",
    "TACAN": null,
    "I(C)LS": 111500,
    "Primär": 125600,
    "Sekundär": 254700,
    "ATIS": 254750,
    "Runway": "29",
    "DCS-AirfieldName": "Fujairah Intl1",
    "MagVar": -2,
    "KI ATC UHF": 251150,
    "KI ATC VHF": 124600,
    "Land": "VAE",
    "Comments": null
  },
  "Gelendzhik 04": {
    "Map-Spezifisch": "Caucasus",
    "TACAN": null,
    "I(C)LS": null,
    "Primär": 130500,
    "Sekundär": 245100,
    "ATIS": 245150,
    "Runway": "04",
    "DCS-AirfieldName": "Gelendzhik",
    "MagVar": -6,
    "KI ATC UHF": 255000,
    "KI ATC VHF": 126000,
    "Land": "Russland",
    "Comments": null
  },
  "Gelendzhik 22": {
    "Map-Spezifisch": "Caucasus",
    "TACAN": null,
    "I(C)LS": null,
    "Primär": 130500,
    "Sekundär": 245100,
    "ATIS": 245150,
    "Runway": "22",
    "DCS-AirfieldName": "Gelendzhik",
    "MagVar": -6,
    "KI ATC UHF": 255000,
    "KI ATC VHF": 126000,
    "Land": "Russland",
    "Comments": null
  },
  "Gudauta 15": {
    "Map-Spezifisch": "Caucasus",
    "TACAN": null,
    "I(C)LS": null,
    "Primär": 134700,
    "Sekundär": 274800,
    "ATIS": 274850,
    "Runway": "15",
    "DCS-AirfieldName": "Gudauta",
    "MagVar": -6,
    "KI ATC UHF": 259000,
    "KI ATC VHF": 130000,
    "Land": "Abchasien",
    "Comments": null
  },
  "Gudauta 33": {
    "Map-Spezifisch": "Caucasus",
    "TACAN": null,
    "I(C)LS": null,
    "Primär": 134700,
    "Sekundär": 274800,
    "ATIS": 274850,
    "Runway": "33",
    "DCS-AirfieldName": "Gudauta",
    "MagVar": -6,
    "KI ATC UHF": 259000,
    "KI ATC VHF": 130000,
    "Land": "Abchasien",
    "Comments": null
  },
  "Haifa 16": {
    "Map-Spezifisch": "Syria",
    "TACAN": null,
    "I(C)LS": null,
    "Primär": 134700,
    "Sekundär": 327100,
    "ATIS": 327150,
    "Runway": "16",
    "DCS-AirfieldName": "Haifa",
    "MagVar": 5,
    "KI ATC UHF": 250050,
    "KI ATC VHF": 127800,
    "Land": "Israel",
    "Comments": null
  },
  "Haifa 34": {
    "Map-Spezifisch": "Syria",
    "TACAN": null,
    "I(C)LS": null,
    "Primär": 134700,
    "Sekundär": 327100,
    "ATIS": 327150,
    "Runway": "34",
    "DCS-AirfieldName": "Haifa",
    "MagVar": 5,
    "KI ATC UHF": 250050,
    "KI ATC VHF": 127800,
    "Land": "Israel",
    "Comments": null
  },
  "Hama 09": {
    "Map-Spezifisch": "Syria",
    "TACAN": null,
    "I(C)LS": null,
    "Primär": 135800,
    "Sekundär": 255900,
    "ATIS": 255950,
    "Runway": "09",
    "DCS-AirfieldName": "Hama",
    "MagVar": 5,
    "KI ATC UHF": 250100,
    "KI ATC VHF": 118050,
    "Land": "Syrien",
    "Comments": null
  },
  "Hama 27": {
    "Map-Spezifisch": "Syria",
    "TACAN": null,
    "I(C)LS": null,
    "Primär": 135800,
    "Sekundär": 255900,
    "ATIS": 255950,
    "Runway": "27",
    "DCS-AirfieldName": "Hama",
    "MagVar": 5,
    "KI ATC UHF": 250100,
    "KI ATC VHF": 118050,
    "Land": "Syrien",
    "Comments": null
  },
  "Hatay 04": {
    "Map-Spezifisch": "Syria",
    "TACAN": null,
    "I(C)LS": 108900,
    "Primär": 118700,
    "Sekundär": 225600,
    "ATIS": 225650,
    "Runway": "04",
    "DCS-AirfieldName": "Hatay",
    "MagVar": 5,
    "KI ATC UHF": 250150,
    "KI ATC VHF": 128500,
    "Land": "Türkei",
    "Comments": null
  },
  "Hatay 22": {
    "Map-Spezifisch": "Syria",
    "TACAN": null,
    "I(C)LS": 108150,
    "Primär": 118700,
    "Sekundär": 225600,
    "ATIS": 225650,
    "Runway": "22",
    "DCS-AirfieldName": "Hatay",
    "MagVar": 5,
    "KI ATC UHF": 250150,
    "KI ATC VHF": 128500,
    "Land": "Türkei",
    "Comments": null
  },
  "Havadarya 08": {
    "Map-Spezifisch": "PersianGulf",
    "TACAN": "47X",
    "I(C)LS": 108900,
    "Primär": 127600,
    "Sekundär": 257100,
    "ATIS": 257150,
    "Runway": "08",
    "DCS-AirfieldName": "Havadarya",
    "MagVar": -2,
    "KI ATC UHF": 251200,
    "KI ATC VHF": 123150,
    "Land": "Iran",
    "Comments": null
  },
  "Havadarya 26": {
    "Map-Spezifisch": "PersianGulf",
    "TACAN": "47X",
    "I(C)LS": null,
    "Primär": 127600,
    "Sekundär": 257100,
    "ATIS": 257150,
    "Runway": "26",
    "DCS-AirfieldName": "Havadarya",
    "MagVar": -2,
    "KI ATC UHF": 251200,
    "KI ATC VHF": 123150,
    "Land": "Iran",
    "Comments": null
  },
  "Incirlik 05": {
    "Map-Spezifisch": "Syria",
    "TACAN": "21X",
    "I(C)LS": 109300,
    "Primär": 119300,
    "Sekundär": 250350,
    "ATIS": 250400,
    "Runway": "05",
    "DCS-AirfieldName": "Incirlik",
    "MagVar": 5,
    "KI ATC UHF": 360100,
    "KI ATC VHF": 129400,
    "Land": "Türkei",
    "Comments": null
  },
  "Incirlik 23": {
    "Map-Spezifisch": "Syria",
    "TACAN": "21X",
    "I(C)LS": 111700,
    "Primär": 119300,
    "Sekundär": 250350,
    "ATIS": 250400,
    "Runway": "23",
    "DCS-AirfieldName": "Incirlik",
    "MagVar": 5,
    "KI ATC UHF": 360100,
    "KI ATC VHF": 129400,
    "Land": "Türkei",
    "Comments": null
  },
  "Jirah 10": {
    "Map-Spezifisch": "Syria",
    "TACAN": null,
    "I(C)LS": null,
    "Primär": 119700,
    "Sekundär": 235800,
    "ATIS": 235850,
    "Runway": "10",
    "DCS-AirfieldName": "Jirah",
    "MagVar": 5,
    "KI ATC UHF": 250200,
    "KI ATC VHF": 118100,
    "Land": "Syrien",
    "Comments": null
  },
  "Jirah 28": {
    "Map-Spezifisch": "Syria",
    "TACAN": null,
    "I(C)LS": null,
    "Primär": 119700,
    "Sekundär": 235800,
    "ATIS": 235850,
    "Runway": "28",
    "DCS-AirfieldName": "Jirah",
    "MagVar": 5,
    "KI ATC UHF": 250200,
    "KI ATC VHF": 118100,
    "Land": "Syrien",
    "Comments": null
  },
  "Jiroft Airport 13": {
    "Map-Spezifisch": "PersianGulf",
    "TACAN": null,
    "I(C)LS": null,
    "Primär": 137600,
    "Sekundär": 312900,
    "ATIS": 312950,
    "Runway": "13",
    "DCS-AirfieldName": "Jiroft",
    "MagVar": -2,
    "KI ATC UHF": 250750,
    "KI ATC VHF": 136000,
    "Land": "Iran",
    "Comments": null
  },
  "Jiroft Airport 31": {
    "Map-Spezifisch": "PersianGulf",
    "TACAN": null,
    "I(C)LS": null,
    "Primär": 137600,
    "Sekundär": 312900,
    "ATIS": 312950,
    "Runway": "31",
    "DCS-AirfieldName": "Jiroft",
    "MagVar": -2,
    "KI ATC UHF": 250750,
    "KI ATC VHF": 136000,
    "Land": "Iran",
    "Comments": null
  },
  "Kerman Airport 16": {
    "Map-Spezifisch": "PersianGulf",
    "TACAN": "97X",
    "I(C)LS": null,
    "Primär": 120500,
    "Sekundär": 263500,
    "ATIS": 263550,
    "Runway": "16",
    "DCS-AirfieldName": "Kerman",
    "MagVar": -2,
    "KI ATC UHF": 250300,
    "KI ATC VHF": 118250,
    "Land": "Iran",
    "Comments": null
  },
  "Kerman Airport 34": {
    "Map-Spezifisch": "PersianGulf",
    "TACAN": "97X",
    "I(C)LS": null,
    "Primär": 120500,
    "Sekundär": 263500,
    "ATIS": 263550,
    "Runway": "34",
    "DCS-AirfieldName": "Kerman",
    "MagVar": -2,
    "KI ATC UHF": 250300,
    "KI ATC VHF": 118250,
    "Land": "Iran",
    "Comments": null
  },
  "Khalkhalah 07": {
    "Map-Spezifisch": "Syria",
    "TACAN": null,
    "I(C)LS": null,
    "Primär": 129200,
    "Sekundär": 265700,
    "ATIS": 265750,
    "Runway": "07",
    "DCS-AirfieldName": "Khalkhalah",
    "MagVar": 5,
    "KI ATC UHF": 250250,
    "KI ATC VHF": 122500,
    "Land": "Syrien",
    "Comments": null
  },
  "Khalkhalah 25": {
    "Map-Spezifisch": "Syria",
    "TACAN": null,
    "I(C)LS": null,
    "Primär": 129200,
    "Sekundär": 265700,
    "ATIS": 265750,
    "Runway": "25",
    "DCS-AirfieldName": "Khalkhalah",
    "MagVar": 5,
    "KI ATC UHF": 250250,
    "KI ATC VHF": 122500,
    "Land": "Syrien",
    "Comments": null
  },
  "Khasab 01": {
    "Map-Spezifisch": "PersianGulf",
    "TACAN": null,
    "I(C)LS": null,
    "Primär": 155800,
    "Sekundär": 351400,
    "ATIS": 351450,
    "Runway": "01",
    "DCS-AirfieldName": "Khasab",
    "MagVar": -2,
    "KI ATC UHF": 250000,
    "KI ATC VHF": 124350,
    "Land": "Oman",
    "Comments": null
  },
  "Khasab 19": {
    "Map-Spezifisch": "PersianGulf",
    "TACAN": null,
    "I(C)LS": 110300,
    "Primär": 155800,
    "Sekundär": 351400,
    "ATIS": 351450,
    "Runway": "19",
    "DCS-AirfieldName": "Khasab",
    "MagVar": -2,
    "KI ATC UHF": 250000,
    "KI ATC VHF": 124350,
    "Land": "Oman",
    "Comments": null
  },
  "King Hussein Air College 13": {
    "Map-Spezifisch": "Syria",
    "TACAN": null,
    "I(C)LS": null,
    "Primär": 127700,
    "Sekundär": 310200,
    "ATIS": 310250,
    "Runway": "13",
    "DCS-AirfieldName": "King Hussein Air College",
    "MagVar": 5,
    "KI ATC UHF": 250300,
    "KI ATC VHF": 118300,
    "Land": "Jordanien",
    "Comments": null
  },
  "King Hussein Air College 31": {
    "Map-Spezifisch": "Syria",
    "TACAN": null,
    "I(C)LS": null,
    "Primär": 127700,
    "Sekundär": 310200,
    "ATIS": 310250,
    "Runway": "31",
    "DCS-AirfieldName": "King Hussein Air College",
    "MagVar": 5,
    "KI ATC UHF": 250300,
    "KI ATC VHF": 118300,
    "Land": "Jordanien",
    "Comments": null
  },
  "Kiryat Shmona 03": {
    "Map-Spezifisch": "Syria",
    "TACAN": null,
    "I(C)LS": null,
    "Primär": 127400,
    "Sekundär": 246700,
    "ATIS": 246750,
    "Runway": "03",
    "DCS-AirfieldName": "Kiryat Shmona",
    "MagVar": 5,
    "KI ATC UHF": 250400,
    "KI ATC VHF": 118400,
    "Land": "Israel",
    "Comments": null
  },
  "Kiryat Shmona 21": {
    "Map-Spezifisch": "Syria",
    "TACAN": null,
    "I(C)LS": null,
    "Primär": 127400,
    "Sekundär": 246700,
    "ATIS": 246750,
    "Runway": "21",
    "DCS-AirfieldName": "Kiryat Shmona",
    "MagVar": 5,
    "KI ATC UHF": 250400,
    "KI ATC VHF": 118400,
    "Land": "Israel",
    "Comments": null
  },
  "Kish Intl. Airport 10L": {
    "Map-Spezifisch": "PersianGulf",
    "TACAN": "112X",
    "I(C)LS": null,
    "Primär": 145100,
    "Sekundär": 330100,
    "ATIS": 330150,
    "Runway": "10L",
    "DCS-AirfieldName": "Kish Intl",
    "MagVar": -2,
    "KI ATC UHF": 250600,
    "KI ATC VHF": 121650,
    "Land": "Iran",
    "Comments": null
  },
  "Kish Intl. Airport 10R": {
    "Map-Spezifisch": "PersianGulf",
    "TACAN": "112X",
    "I(C)LS": null,
    "Primär": 145100,
    "Sekundär": 330100,
    "ATIS": 330150,
    "Runway": "10R",
    "DCS-AirfieldName": "Kish Intl",
    "MagVar": -2,
    "KI ATC UHF": 250600,
    "KI ATC VHF": 121650,
    "Land": "Iran",
    "Comments": null
  },
  "Kish Intl. Airport 28L": {
    "Map-Spezifisch": "PersianGulf",
    "TACAN": "112X",
    "I(C)LS": null,
    "Primär": 145100,
    "Sekundär": 330100,
    "ATIS": 330150,
    "Runway": "28L",
    "DCS-AirfieldName": "Kish Intl",
    "MagVar": -2,
    "KI ATC UHF": 250600,
    "KI ATC VHF": 121650,
    "Land": "Iran",
    "Comments": null
  },
  "Kish Intl. Airport 28R": {
    "Map-Spezifisch": "PersianGulf",
    "TACAN": "112X",
    "I(C)LS": null,
    "Primär": 145100,
    "Sekundär": 330100,
    "ATIS": 330150,
    "Runway": "28R",
    "DCS-AirfieldName": "Kish Intl",
    "MagVar": -2,
    "KI ATC UHF": 250600,
    "KI ATC VHF": 121650,
    "Land": "Iran",
    "Comments": null
  },
  "Kobuleti 07": {
    "Map-Spezifisch": "Caucasus",
    "TACAN": "67X",
    "I(C)LS": 111500,
    "Primär": 142800,
    "Sekundär": 255900,
    "ATIS": 255950,
    "Runway": "07",
    "DCS-AirfieldName": "Kobuleti",
    "MagVar": -6,
    "KI ATC UHF": 262000,
    "KI ATC VHF": 133000,
    "Land": "Georgien",
    "Comments": null
  },
  "Kobuleti 25": {
    "Map-Spezifisch": "Caucasus",
    "TACAN": "67X",
    "I(C)LS": null,
    "Primär": 142800,
    "Sekundär": 255900,
    "ATIS": 255950,
    "Runway": "25",
    "DCS-AirfieldName": "Kobuleti",
    "MagVar": -6,
    "KI ATC UHF": 262000,
    "KI ATC VHF": 133000,
    "Land": "Georgien",
    "Comments": null
  },
  "Krasnodar - Center 09": {
    "Map-Spezifisch": "Caucasus",
    "TACAN": null,
    "I(C)LS": null,
    "Primär": 124400,
    "Sekundär": 265800,
    "ATIS": 265850,
    "Runway": "09",
    "DCS-AirfieldName": "Krasnodar-Center",
    "MagVar": -6,
    "KI ATC UHF": 251000,
    "KI ATC VHF": 122000,
    "Land": "Russland",
    "Comments": null
  },
  "Krasnodar - Center 27": {
    "Map-Spezifisch": "Caucasus",
    "TACAN": null,
    "I(C)LS": null,
    "Primär": 124400,
    "Sekundär": 265800,
    "ATIS": 265850,
    "Runway": "27",
    "DCS-AirfieldName": "Krasnodar-Center",
    "MagVar": -6,
    "KI ATC UHF": 251000,
    "KI ATC VHF": 122000,
    "Land": "Russland",
    "Comments": null
  },
  "Krasnodar - Pashkovsky 05L": {
    "Map-Spezifisch": "Caucasus",
    "TACAN": null,
    "I(C)LS": null,
    "Primär": 135100,
    "Sekundär": 310500,
    "ATIS": 310550,
    "Runway": "05L",
    "DCS-AirfieldName": "Krasnodar-Pashkovsky",
    "MagVar": -6,
    "KI ATC UHF": 257000,
    "KI ATC VHF": 128000,
    "Land": "Russland",
    "Comments": null
  },
  "Krasnodar - Pashkovsky 05R": {
    "Map-Spezifisch": "Caucasus",
    "TACAN": null,
    "I(C)LS": null,
    "Primär": 135100,
    "Sekundär": 310500,
    "ATIS": 310550,
    "Runway": "05R",
    "DCS-AirfieldName": "Krasnodar-Pashkovsky",
    "MagVar": -6,
    "KI ATC UHF": 257000,
    "KI ATC VHF": 128000,
    "Land": "Russland",
    "Comments": null
  },
  "Krasnodar - Pashkovsky 23L": {
    "Map-Spezifisch": "Caucasus",
    "TACAN": null,
    "I(C)LS": null,
    "Primär": 135100,
    "Sekundär": 310500,
    "ATIS": 310550,
    "Runway": "23L",
    "DCS-AirfieldName": "Krasnodar-Pashkovsky",
    "MagVar": -6,
    "KI ATC UHF": 257000,
    "KI ATC VHF": 128000,
    "Land": "Russland",
    "Comments": null
  },
  "Krasnodar - Pashkovsky 23R": {
    "Map-Spezifisch": "Caucasus",
    "TACAN": null,
    "I(C)LS": null,
    "Primär": 135100,
    "Sekundär": 310500,
    "ATIS": 310550,
    "Runway": "23R",
    "DCS-AirfieldName": "Krasnodar-Pashkovsky",
    "MagVar": -6,
    "KI ATC UHF": 257000,
    "KI ATC VHF": 128000,
    "Land": "Russland",
    "Comments": null
  },
  "Krymsk 04": {
    "Map-Spezifisch": "Caucasus",
    "TACAN": null,
    "I(C)LS": null,
    "Primär": 132300,
    "Sekundär": 256400,
    "ATIS": 256450,
    "Runway": "04",
    "DCS-AirfieldName": "Krymsk",
    "MagVar": -6,
    "KI ATC UHF": 253000,
    "KI ATC VHF": 124000,
    "Land": "Russland",
    "Comments": null
  },
  "Krymsk 22": {
    "Map-Spezifisch": "Caucasus",
    "TACAN": null,
    "I(C)LS": null,
    "Primär": 132300,
    "Sekundär": 256400,
    "ATIS": 256450,
    "Runway": "22",
    "DCS-AirfieldName": "Krymsk",
    "MagVar": -6,
    "KI ATC UHF": 253000,
    "KI ATC VHF": 124000,
    "Land": "Russland",
    "Comments": null
  },
  "Kutaisi 08": {
    "Map-Spezifisch": "Caucasus",
    "TACAN": "44X",
    "I(C)LS": 109750,
    "Primär": 125500,
    "Sekundär": 270600,
    "ATIS": 270650,
    "Runway": "08",
    "DCS-AirfieldName": "Kutaisi",
    "MagVar": -6,
    "KI ATC UHF": 263000,
    "KI ATC VHF": 134000,
    "Land": "Georgien",
    "Comments": null
  },
  "Kutaisi 26": {
    "Map-Spezifisch": "Caucasus",
    "TACAN": "44X",
    "I(C)LS": null,
    "Primär": 125500,
    "Sekundär": 270600,
    "ATIS": 270650,
    "Runway": "26",
    "DCS-AirfieldName": "Kutaisi",
    "MagVar": -6,
    "KI ATC UHF": 263000,
    "KI ATC VHF": 134000,
    "Land": "Georgien",
    "Comments": null
  },
  "Kuweires 10": {
    "Map-Spezifisch": "Syria",
    "TACAN": null,
    "I(C)LS": null,
    "Primär": 135300,
    "Sekundär": 243500,
    "ATIS": 243550,
    "Runway": "10",
    "DCS-AirfieldName": "Kuweires",
    "MagVar": 5,
    "KI ATC UHF": 251000,
    "KI ATC VHF": 120500,
    "Land": "Syrien",
    "Comments": null
  },
  "Kuweires 28": {
    "Map-Spezifisch": "Syria",
    "TACAN": null,
    "I(C)LS": null,
    "Primär": 135300,
    "Sekundär": 243500,
    "ATIS": 243550,
    "Runway": "28",
    "DCS-AirfieldName": "Kuweires",
    "MagVar": 5,
    "KI ATC UHF": 251000,
    "KI ATC VHF": 120500,
    "Land": "Syrien",
    "Comments": null
  },
  "Lar Airbase 09": {
    "Map-Spezifisch": "PersianGulf",
    "TACAN": null,
    "I(C)LS": null,
    "Primär": 136400,
    "Sekundär": 265800,
    "ATIS": 265850,
    "Runway": "09",
    "DCS-AirfieldName": "Lar",
    "MagVar": -2,
    "KI ATC UHF": 250050,
    "KI ATC VHF": 127350,
    "Land": "Iran",
    "Comments": null
  },
  "Lar Airbase 27": {
    "Map-Spezifisch": "PersianGulf",
    "TACAN": null,
    "I(C)LS": null,
    "Primär": 136400,
    "Sekundär": 265800,
    "ATIS": 265850,
    "Runway": "27",
    "DCS-AirfieldName": "Lar",
    "MagVar": -2,
    "KI ATC UHF": 250050,
    "KI ATC VHF": 127350,
    "Land": "Iran",
    "Comments": null
  },
  "Lavan Island Airport 11": {
    "Map-Spezifisch": "PersianGulf",
    "TACAN": null,
    "I(C)LS": null,
    "Primär": 119400,
    "Sekundär": 271300,
    "ATIS": 271350,
    "Runway": "11",
    "DCS-AirfieldName": "Lavan Island",
    "MagVar": -2,
    "KI ATC UHF": 250700,
    "KI ATC VHF": 128550,
    "Land": "Iran",
    "Comments": null
  },
  "Lavan Island Airport 29": {
    "Map-Spezifisch": "PersianGulf",
    "TACAN": null,
    "I(C)LS": null,
    "Primär": 119400,
    "Sekundär": 271300,
    "ATIS": 271350,
    "Runway": "29",
    "DCS-AirfieldName": "Lavan Island",
    "MagVar": -2,
    "KI ATC UHF": 250700,
    "KI ATC VHF": 128550,
    "Land": "Iran",
    "Comments": null
  },
  "Liwa Airbase 13": {
    "Map-Spezifisch": "PersianGulf",
    "TACAN": null,
    "I(C)LS": null,
    "Primär": 152300,
    "Sekundär": 253600,
    "ATIS": 253650,
    "Runway": "13",
    "DCS-AirfieldName": "Liwa AFB",
    "MagVar": -2,
    "KI ATC UHF": 250850,
    "KI ATC VHF": 119300,
    "Land": "VAE",
    "Comments": null
  },
  "Liwa Airbase 31": {
    "Map-Spezifisch": "PersianGulf",
    "TACAN": null,
    "I(C)LS": null,
    "Primär": 152300,
    "Sekundär": 253600,
    "ATIS": 253650,
    "Runway": "31",
    "DCS-AirfieldName": "Liwa AFB",
    "MagVar": -2,
    "KI ATC UHF": 250850,
    "KI ATC VHF": 119300,
    "Land": "VAE",
    "Comments": null
  },
  "Marj As Sultan North 08": {
    "Map-Spezifisch": "Syria",
    "TACAN": null,
    "I(C)LS": null,
    "Primär": 137400,
    "Sekundär": 272400,
    "ATIS": 272450,
    "Runway": "08",
    "DCS-AirfieldName": "Marj As Sultan North",
    "MagVar": 5,
    "KI ATC UHF": 251500,
    "KI ATC VHF": 122900,
    "Land": "Syrien",
    "Comments": null
  },
  "Marj As Sultan North 26": {
    "Map-Spezifisch": "Syria",
    "TACAN": null,
    "I(C)LS": null,
    "Primär": 137400,
    "Sekundär": 272400,
    "ATIS": 272450,
    "Runway": "26",
    "DCS-AirfieldName": "Marj As Sultan North",
    "MagVar": 5,
    "KI ATC UHF": 251500,
    "KI ATC VHF": 122900,
    "Land": "Syrien",
    "Comments": null
  },
  "Marj As Sultan South 09": {
    "Map-Spezifisch": "Syria",
    "TACAN": null,
    "I(C)LS": null,
    "Primär": 125500,
    "Sekundär": 255200,
    "ATIS": 255250,
    "Runway": "09",
    "DCS-AirfieldName": "Marj As Sultan South",
    "MagVar": 5,
    "KI ATC UHF": 251500,
    "KI ATC VHF": 122900,
    "Land": "Syrien",
    "Comments": null
  },
  "Marj As Sultan South 27": {
    "Map-Spezifisch": "Syria",
    "TACAN": null,
    "I(C)LS": null,
    "Primär": 125500,
    "Sekundär": 255200,
    "ATIS": 255250,
    "Runway": "27",
    "DCS-AirfieldName": "Marj As Sultan South",
    "MagVar": 5,
    "KI ATC UHF": 251500,
    "KI ATC VHF": 122900,
    "Land": "Syrien",
    "Comments": null
  },
  "Marj Ruhayyil 06": {
    "Map-Spezifisch": "Syria",
    "TACAN": null,
    "I(C)LS": null,
    "Primär": 138400,
    "Sekundär": 253600,
    "ATIS": 253650,
    "Runway": "06",
    "DCS-AirfieldName": "Marj Ruhayyil",
    "MagVar": 5,
    "KI ATC UHF": 250550,
    "KI ATC VHF": 120800,
    "Land": "Syrien",
    "Comments": null
  },
  "Marj Ruhayyil 24": {
    "Map-Spezifisch": "Syria",
    "TACAN": null,
    "I(C)LS": null,
    "Primär": 138400,
    "Sekundär": 253600,
    "ATIS": 253650,
    "Runway": "24",
    "DCS-AirfieldName": "Marj Ruhayyil",
    "MagVar": 5,
    "KI ATC UHF": 250550,
    "KI ATC VHF": 120800,
    "Land": "Syrien",
    "Comments": null
  },
  "Maykop-Khanskaya 04": {
    "Map-Spezifisch": "Caucasus",
    "TACAN": null,
    "I(C)LS": null,
    "Primär": 122600,
    "Sekundär": 255700,
    "ATIS": 255750,
    "Runway": "04",
    "DCS-AirfieldName": "Maykop-Khanskaya",
    "MagVar": -6,
    "KI ATC UHF": 254000,
    "KI ATC VHF": 125000,
    "Land": "Russland",
    "Comments": null
  },
  "Maykop-Khanskaya 22": {
    "Map-Spezifisch": "Caucasus",
    "TACAN": null,
    "I(C)LS": null,
    "Primär": 122600,
    "Sekundär": 255700,
    "ATIS": 255750,
    "Runway": "22",
    "DCS-AirfieldName": "Maykop-Khanskaya",
    "MagVar": -6,
    "KI ATC UHF": 254000,
    "KI ATC VHF": 125000,
    "Land": "Russland",
    "Comments": null
  },
  "Megiddo 09": {
    "Map-Spezifisch": "Syria",
    "TACAN": null,
    "I(C)LS": null,
    "Primär": 135100,
    "Sekundär": 254600,
    "ATIS": 254650,
    "Runway": "09",
    "DCS-AirfieldName": "Megiddo",
    "MagVar": 5,
    "KI ATC UHF": 250600,
    "KI ATC VHF": 119900,
    "Land": "Israel",
    "Comments": null
  },
  "Megiddo 27": {
    "Map-Spezifisch": "Syria",
    "TACAN": null,
    "I(C)LS": null,
    "Primär": 135100,
    "Sekundär": 254600,
    "ATIS": 254650,
    "Runway": "27",
    "DCS-AirfieldName": "Megiddo",
    "MagVar": 5,
    "KI ATC UHF": 250600,
    "KI ATC VHF": 119900,
    "Land": "Israel",
    "Comments": null
  },
  "Mezzeh 06": {
    "Map-Spezifisch": "Syria",
    "TACAN": null,
    "I(C)LS": null,
    "Primär": 139100,
    "Sekundär": 257300,
    "ATIS": 257350,
    "Runway": "06",
    "DCS-AirfieldName": "Mezzeh",
    "MagVar": 5,
    "KI ATC UHF": 250650,
    "KI ATC VHF": 120700,
    "Land": "Syrien",
    "Comments": null
  },
  "Mezzeh 24": {
    "Map-Spezifisch": "Syria",
    "TACAN": null,
    "I(C)LS": null,
    "Primär": 139100,
    "Sekundär": 257300,
    "ATIS": 257350,
    "Runway": "24",
    "DCS-AirfieldName": "Mezzeh",
    "MagVar": 5,
    "KI ATC UHF": 250650,
    "KI ATC VHF": 120700,
    "Land": "Syrien",
    "Comments": null
  },
  "Minakh 10": {
    "Map-Spezifisch": "Syria",
    "TACAN": null,
    "I(C)LS": null,
    "Primär": 119600,
    "Sekundär": 255400,
    "ATIS": 255450,
    "Runway": "01",
    "DCS-AirfieldName": "Minakh",
    "MagVar": 5,
    "KI ATC UHF": 250700,
    "KI ATC VHF": 120600,
    "Land": "Syrien",
    "Comments": null
  },
  "Minakh 28": {
    "Map-Spezifisch": "Syria",
    "TACAN": null,
    "I(C)LS": null,
    "Primär": 119600,
    "Sekundär": 255400,
    "ATIS": 255450,
    "Runway": "28",
    "DCS-AirfieldName": "Minakh",
    "MagVar": 5,
    "KI ATC UHF": 250700,
    "KI ATC VHF": 120600,
    "Land": "Syrien",
    "Comments": null
  },
  "Mineralnye Vody 12": {
    "Map-Spezifisch": "Caucasus",
    "TACAN": null,
    "I(C)LS": 109300,
    "Primär": 124300,
    "Sekundär": 258400,
    "ATIS": 258450,
    "Runway": "12",
    "DCS-AirfieldName": "Mineralnye Vody",
    "MagVar": -6,
    "KI ATC UHF": 264000,
    "KI ATC VHF": 135000,
    "Land": "Russland",
    "Comments": null
  },
  "Mineralnye Vody 30": {
    "Map-Spezifisch": "Caucasus",
    "TACAN": null,
    "I(C)LS": 111700,
    "Primär": 124300,
    "Sekundär": 258400,
    "ATIS": 258450,
    "Runway": "30",
    "DCS-AirfieldName": "Mineralnye Vody",
    "MagVar": -6,
    "KI ATC UHF": 264000,
    "KI ATC VHF": 135000,
    "Land": "Russland",
    "Comments": null
  },
  "Mozdok 08": {
    "Map-Spezifisch": "Caucasus",
    "TACAN": null,
    "I(C)LS": null,
    "Primär": 129400,
    "Sekundär": 321600,
    "ATIS": 321650,
    "Runway": "08",
    "DCS-AirfieldName": "Mozdok",
    "MagVar": -6,
    "KI ATC UHF": 266000,
    "KI ATC VHF": 137000,
    "Land": "Russland",
    "Comments": null
  },
  "Mozdok 26": {
    "Map-Spezifisch": "Caucasus",
    "TACAN": null,
    "I(C)LS": null,
    "Primär": 129400,
    "Sekundär": 321600,
    "ATIS": 321650,
    "Runway": "26",
    "DCS-AirfieldName": "Mozdok",
    "MagVar": -6,
    "KI ATC UHF": 266000,
    "KI ATC VHF": 137000,
    "Land": "Russland",
    "Comments": null
  },
  "Nalchik 06": {
    "Map-Spezifisch": "Caucasus",
    "TACAN": null,
    "I(C)LS": null,
    "Primär": 132100,
    "Sekundär": 264900,
    "ATIS": 264950,
    "Runway": "06",
    "DCS-AirfieldName": "Nalchik",
    "MagVar": -6,
    "KI ATC UHF": 265000,
    "KI ATC VHF": 136000,
    "Land": "Russland",
    "Comments": null
  },
  "Nalchik 24": {
    "Map-Spezifisch": "Caucasus",
    "TACAN": null,
    "I(C)LS": 110500,
    "Primär": 132100,
    "Sekundär": 264900,
    "ATIS": 264950,
    "Runway": "24",
    "DCS-AirfieldName": "Nalchik",
    "MagVar": -6,
    "KI ATC UHF": 265000,
    "KI ATC VHF": 136000,
    "Land": "Russland",
    "Comments": null
  },
  "Nellis 03L": {
    "Map-Spezifisch": "Nevada",
    "TACAN": "12X",
    "I(C)LS": null,
    "Primär": 132650,
    "Sekundär": 327100,
    "ATIS": 132700,
    "Runway": "03L",
    "DCS-AirfieldName": "Nellis AFB",
    "MagVar": -12,
    "KI ATC UHF": 327000,
    "KI ATC VHF": 132550,
    "Land": "USA",
    "Comments": null
  },
  "Nellis 03R": {
    "Map-Spezifisch": "Nevada",
    "TACAN": "12X",
    "I(C)LS": null,
    "Primär": 132650,
    "Sekundär": 327100,
    "ATIS": 132700,
    "Runway": "03R",
    "DCS-AirfieldName": "Nellis AFB",
    "MagVar": -12,
    "KI ATC UHF": 327000,
    "KI ATC VHF": 132550,
    "Land": "USA",
    "Comments": null
  },
  "Nellis 21L": {
    "Map-Spezifisch": "Nevada",
    "TACAN": "12X",
    "I(C)LS": 109100,
    "Primär": 132650,
    "Sekundär": 327100,
    "ATIS": 132700,
    "Runway": "21L",
    "DCS-AirfieldName": "Nellis AFB",
    "MagVar": -12,
    "KI ATC UHF": 327000,
    "KI ATC VHF": 132550,
    "Land": "USA",
    "Comments": null
  },
  "Nellis 21R": {
    "Map-Spezifisch": "Nevada",
    "TACAN": "12X",
    "I(C)LS": null,
    "Primär": 132650,
    "Sekundär": 327100,
    "ATIS": 132700,
    "Runway": "21R",
    "DCS-AirfieldName": "Nellis AFB",
    "MagVar": -12,
    "KI ATC UHF": 327000,
    "KI ATC VHF": 132550,
    "Land": "USA",
    "Comments": null
  },
  "Novorossiysk 04": {
    "Map-Spezifisch": "Caucasus",
    "TACAN": null,
    "I(C)LS": null,
    "Primär": 141800,
    "Sekundär": 265200,
    "ATIS": 265250,
    "Runway": "04",
    "DCS-AirfieldName": "Novorossiysk",
    "MagVar": -6,
    "KI ATC UHF": 252000,
    "KI ATC VHF": 123000,
    "Land": "Russland",
    "Comments": null
  },
  "Novorossiysk 22": {
    "Map-Spezifisch": "Caucasus",
    "TACAN": null,
    "I(C)LS": null,
    "Primär": 141800,
    "Sekundär": 265200,
    "ATIS": 265250,
    "Runway": "22",
    "DCS-AirfieldName": "Novorossiysk",
    "MagVar": -6,
    "KI ATC UHF": 252000,
    "KI ATC VHF": 123000,
    "Land": "Russland",
    "Comments": null
  },
  "Palmyra 08": {
    "Map-Spezifisch": "Syria",
    "TACAN": null,
    "I(C)LS": null,
    "Primär": 119800,
    "Sekundär": 248300,
    "ATIS": 248350,
    "Runway": "08",
    "DCS-AirfieldName": "Palmyra",
    "MagVar": 5,
    "KI ATC UHF": 250800,
    "KI ATC VHF": 121900,
    "Land": "Syrien",
    "Comments": null
  },
  "Palmyra 26": {
    "Map-Spezifisch": "Syria",
    "TACAN": null,
    "I(C)LS": null,
    "Primär": 119800,
    "Sekundär": 248300,
    "ATIS": 248350,
    "Runway": "26",
    "DCS-AirfieldName": "Palmyra",
    "MagVar": 5,
    "KI ATC UHF": 250800,
    "KI ATC VHF": 121900,
    "Land": "Syrien",
    "Comments": null
  },
  "Qabr as Sitt 06": {
    "Map-Spezifisch": "Syria",
    "TACAN": null,
    "I(C)LS": null,
    "Primär": 135200,
    "Sekundär": 263500,
    "ATIS": 263550,
    "Runway": "06",
    "DCS-AirfieldName": "Qabr as Sitt",
    "MagVar": 5,
    "KI ATC UHF": 250850,
    "KI ATC VHF": 122600,
    "Land": "Syrien",
    "Comments": null
  },
  "Qabr as Sitt 24": {
    "Map-Spezifisch": "Syria",
    "TACAN": null,
    "I(C)LS": null,
    "Primär": 135200,
    "Sekundär": 263500,
    "ATIS": 263550,
    "Runway": "24",
    "DCS-AirfieldName": "Qabr as Sitt",
    "MagVar": 5,
    "KI ATC UHF": 250850,
    "KI ATC VHF": 122600,
    "Land": "Syrien",
    "Comments": null
  },
  "Qeshm Island 05": {
    "Map-Spezifisch": "PersianGulf",
    "TACAN": "´",
    "I(C)LS": "´",
    "Primär": 154300,
    "Sekundär": 321600,
    "ATIS": 321650,
    "Runway": "05",
    "DCS-AirfieldName": "Qeshm Island",
    "MagVar": -2,
    "KI ATC UHF": 250150,
    "KI ATC VHF": 118050,
    "Land": "Iran",
    "Comments": null
  },
  "Qeshm Island 23": {
    "Map-Spezifisch": "PersianGulf",
    "TACAN": "´",
    "I(C)LS": "´",
    "Primär": 154300,
    "Sekundär": 321600,
    "ATIS": 321650,
    "Runway": "23",
    "DCS-AirfieldName": "Qeshm Island",
    "MagVar": -2,
    "KI ATC UHF": 250150,
    "KI ATC VHF": 118050,
    "Land": "Iran",
    "Comments": null
  },
  "Ramat David 09": {
    "Map-Spezifisch": "Syria",
    "TACAN": null,
    "I(C)LS": null,
    "Primär": 128900,
    "Sekundär": 254400,
    "ATIS": 254450,
    "Runway": "09",
    "DCS-AirfieldName": "Ramat David",
    "MagVar": 5,
    "KI ATC UHF": 250950,
    "KI ATC VHF": 118600,
    "Land": "Israel",
    "Comments": null
  },
  "Ramat David 11": {
    "Map-Spezifisch": "Syria",
    "TACAN": null,
    "I(C)LS": null,
    "Primär": 128900,
    "Sekundär": 254400,
    "ATIS": 254450,
    "Runway": "11",
    "DCS-AirfieldName": "Ramat David",
    "MagVar": 5,
    "KI ATC UHF": 250950,
    "KI ATC VHF": 118600,
    "Land": "Israel",
    "Comments": null
  },
  "Ramat David 15": {
    "Map-Spezifisch": "Syria",
    "TACAN": null,
    "I(C)LS": null,
    "Primär": 128900,
    "Sekundär": 254400,
    "ATIS": 254450,
    "Runway": "15",
    "DCS-AirfieldName": "Ramat David",
    "MagVar": 5,
    "KI ATC UHF": 250950,
    "KI ATC VHF": 118600,
    "Land": "Israel",
    "Comments": null
  },
  "Ramat David 27": {
    "Map-Spezifisch": "Syria",
    "TACAN": null,
    "I(C)LS": null,
    "Primär": 128900,
    "Sekundär": 254400,
    "ATIS": 254450,
    "Runway": "27",
    "DCS-AirfieldName": "Ramat David",
    "MagVar": 5,
    "KI ATC UHF": 250950,
    "KI ATC VHF": 118600,
    "Land": "Israel",
    "Comments": null
  },
  "Ramat David 29": {
    "Map-Spezifisch": "Syria",
    "TACAN": null,
    "I(C)LS": null,
    "Primär": 128900,
    "Sekundär": 254400,
    "ATIS": 254450,
    "Runway": "29",
    "DCS-AirfieldName": "Ramat David",
    "MagVar": 5,
    "KI ATC UHF": 250950,
    "KI ATC VHF": 118600,
    "Land": "Israel",
    "Comments": null
  },
  "Ramat David 33": {
    "Map-Spezifisch": "Syria",
    "TACAN": null,
    "I(C)LS": null,
    "Primär": 128900,
    "Sekundär": 254400,
    "ATIS": 254450,
    "Runway": "33",
    "DCS-AirfieldName": "Ramat David",
    "MagVar": 5,
    "KI ATC UHF": 250950,
    "KI ATC VHF": 118600,
    "Land": "Israel",
    "Comments": null
  },
  "Ras Al Khaimah 17": {
    "Map-Spezifisch": "PersianGulf",
    "TACAN": null,
    "I(C)LS": null,
    "Primär": 145600,
    "Sekundär": 262600,
    "ATIS": 262650,
    "Runway": "17",
    "DCS-AirfieldName": "Ras Al Khaimah Intl",
    "MagVar": -2,
    "KI ATC UHF": 250800,
    "KI ATC VHF": 121600,
    "Land": "VAE",
    "Comments": null
  },
  "Ras Al Khaimah 35": {
    "Map-Spezifisch": "PersianGulf",
    "TACAN": null,
    "I(C)LS": null,
    "Primär": 145600,
    "Sekundär": 262600,
    "ATIS": 262650,
    "Runway": "35",
    "DCS-AirfieldName": "Ras Al Khaimah Intl",
    "MagVar": -2,
    "KI ATC UHF": 250800,
    "KI ATC VHF": 121600,
    "Land": "VAE",
    "Comments": null
  },
  "Rayak 04": {
    "Map-Spezifisch": "Syria",
    "TACAN": null,
    "I(C)LS": null,
    "Primär": 139400,
    "Sekundär": 253400,
    "ATIS": 253450,
    "Runway": "04",
    "DCS-AirfieldName": "Rayak",
    "MagVar": 5,
    "KI ATC UHF": 251050,
    "KI ATC VHF": 124400,
    "Land": "Libanon",
    "Comments": null
  },
  "Rayak 22": {
    "Map-Spezifisch": "Syria",
    "TACAN": null,
    "I(C)LS": null,
    "Primär": 139400,
    "Sekundär": 253400,
    "ATIS": 253450,
    "Runway": "22",
    "DCS-AirfieldName": "Rayak",
    "MagVar": 5,
    "KI ATC UHF": 251050,
    "KI ATC VHF": 124400,
    "Land": "Libanon",
    "Comments": null
  },
  "Rene Mouawad 06": {
    "Map-Spezifisch": "Syria",
    "TACAN": null,
    "I(C)LS": null,
    "Primär": 138300,
    "Sekundär": 279300,
    "ATIS": 279350,
    "Runway": "06",
    "DCS-AirfieldName": "Rene Mouawad",
    "MagVar": 5,
    "KI ATC UHF": 251100,
    "KI ATC VHF": 119500,
    "Land": "Libanon",
    "Comments": null
  },
  "Rene Mouawad 24": {
    "Map-Spezifisch": "Syria",
    "TACAN": null,
    "I(C)LS": null,
    "Primär": 138300,
    "Sekundär": 279300,
    "ATIS": 279350,
    "Runway": "24",
    "DCS-AirfieldName": "Rene Mouawad",
    "MagVar": 5,
    "KI ATC UHF": 251100,
    "KI ATC VHF": 119500,
    "Land": "Libanon",
    "Comments": null
  },
  "Sas Al Nakheel Airport 16": {
    "Map-Spezifisch": "PersianGulf",
    "TACAN": null,
    "I(C)LS": null,
    "Primär": 138400,
    "Sekundär": 341200,
    "ATIS": 341250,
    "Runway": "16",
    "DCS-AirfieldName": "Sas Al Nakheel",
    "MagVar": -2,
    "KI ATC UHF": 250450,
    "KI ATC VHF": 128900,
    "Land": "VAE",
    "Comments": null
  },
  "Sas Al Nakheel Airport 34": {
    "Map-Spezifisch": "PersianGulf",
    "TACAN": null,
    "I(C)LS": null,
    "Primär": 138400,
    "Sekundär": 341200,
    "ATIS": 341250,
    "Runway": "34",
    "DCS-AirfieldName": "Sas Al Nakheel",
    "MagVar": -2,
    "KI ATC UHF": 250450,
    "KI ATC VHF": 128900,
    "Land": "VAE",
    "Comments": null
  },
  "Senaki-Kolkhi 09": {
    "Map-Spezifisch": "Caucasus",
    "TACAN": "31X",
    "I(C)LS": 108900,
    "Primär": 121900,
    "Sekundär": 251100,
    "ATIS": 251150,
    "Runway": "09",
    "DCS-AirfieldName": "Senaki-Kolkhi",
    "MagVar": -6,
    "KI ATC UHF": 261000,
    "KI ATC VHF": 132000,
    "Land": "Georgien",
    "Comments": null
  },
  "Senaki-Kolkhi 27": {
    "Map-Spezifisch": "Caucasus",
    "TACAN": "31X",
    "I(C)LS": null,
    "Primär": 121900,
    "Sekundär": 251100,
    "ATIS": 251150,
    "Runway": "27",
    "DCS-AirfieldName": "Senaki-Kolkhi",
    "MagVar": -6,
    "KI ATC UHF": 261000,
    "KI ATC VHF": 132000,
    "Land": "Georgien",
    "Comments": null
  },
  "Sharjah Intl. 12": {
    "Map-Spezifisch": "PersianGulf",
    "TACAN": null,
    "I(C)LS": 108550,
    "Primär": 127400,
    "Sekundär": 281900,
    "ATIS": 281950,
    "Runway": "12",
    "DCS-AirfieldName": "Sharjah Intl",
    "MagVar": -2,
    "KI ATC UHF": 250200,
    "KI ATC VHF": 118600,
    "Land": "VAE",
    "Comments": null
  },
  "Sharjah Intl. 30": {
    "Map-Spezifisch": "PersianGulf",
    "TACAN": null,
    "I(C)LS": 111950,
    "Primär": 127400,
    "Sekundär": 281900,
    "ATIS": 281950,
    "Runway": "30",
    "DCS-AirfieldName": "Sharjah Intl",
    "MagVar": -2,
    "KI ATC UHF": 250200,
    "KI ATC VHF": 118600,
    "Land": "VAE",
    "Comments": null
  },
  "Shiraz Intl. Airport 11L": {
    "Map-Spezifisch": "PersianGulf",
    "TACAN": "94X",
    "I(C)LS": null,
    "Primär": 155100,
    "Sekundär": 260100,
    "ATIS": 260150,
    "Runway": "11L",
    "DCS-AirfieldName": "Shiraz Intl",
    "MagVar": -2,
    "KI ATC UHF": 350350,
    "KI ATC VHF": 121900,
    "Land": "Iran",
    "Comments": null
  },
  "Shiraz Intl. Airport 11R": {
    "Map-Spezifisch": "PersianGulf",
    "TACAN": "94X",
    "I(C)LS": null,
    "Primär": 155100,
    "Sekundär": 260100,
    "ATIS": 260150,
    "Runway": "11R",
    "DCS-AirfieldName": "Shiraz Intl",
    "MagVar": -2,
    "KI ATC UHF": 350350,
    "KI ATC VHF": 121900,
    "Land": "Iran",
    "Comments": null
  },
  "Shiraz Intl. Airport 29L": {
    "Map-Spezifisch": "PersianGulf",
    "TACAN": "94X",
    "I(C)LS": null,
    "Primär": 155100,
    "Sekundär": 260100,
    "ATIS": 260150,
    "Runway": "29L",
    "DCS-AirfieldName": "Shiraz Intl",
    "MagVar": -2,
    "KI ATC UHF": 350350,
    "KI ATC VHF": 121900,
    "Land": "Iran",
    "Comments": null
  },
  "Shiraz Intl. Airport 29R": {
    "Map-Spezifisch": "PersianGulf",
    "TACAN": "94X",
    "I(C)LS": null,
    "Primär": 155100,
    "Sekundär": 260100,
    "ATIS": 260150,
    "Runway": "29R",
    "DCS-AirfieldName": "Shiraz Intl",
    "MagVar": -2,
    "KI ATC UHF": 350350,
    "KI ATC VHF": 121900,
    "Land": "Iran",
    "Comments": null
  },
  "Sir Abu Nuayr 10": {
    "Map-Spezifisch": "PersianGulf",
    "TACAN": null,
    "I(C)LS": null,
    "Primär": 147300,
    "Sekundär": 265400,
    "ATIS": 265450,
    "Runway": "10",
    "DCS-AirfieldName": "Sir Abu Nuayr",
    "MagVar": -2,
    "KI ATC UHF": null,
    "KI ATC VHF": null,
    "Land": "VAE",
    "Comments": null
  },
  "Sir Abu Nuayr 28": {
    "Map-Spezifisch": "PersianGulf",
    "TACAN": null,
    "I(C)LS": null,
    "Primär": 147300,
    "Sekundär": 265400,
    "ATIS": 265450,
    "Runway": "28",
    "DCS-AirfieldName": "Sir Abu Nuayr",
    "MagVar": -2,
    "KI ATC UHF": null,
    "KI ATC VHF": null,
    "Land": "VAE",
    "Comments": null
  },
  "Sirri Island 12": {
    "Map-Spezifisch": "PersianGulf",
    "TACAN": null,
    "I(C)LS": null,
    "Primär": 135800,
    "Sekundär": 264500,
    "ATIS": 264550,
    "Runway": "12",
    "DCS-AirfieldName": "Sirri Island",
    "MagVar": -2,
    "KI ATC UHF": 250250,
    "KI ATC VHF": 135050,
    "Land": "Iran",
    "Comments": null
  },
  "Sirri Island 30": {
    "Map-Spezifisch": "PersianGulf",
    "TACAN": null,
    "I(C)LS": null,
    "Primär": 135800,
    "Sekundär": 265400,
    "ATIS": 265450,
    "Runway": "30",
    "DCS-AirfieldName": "Sirri Island",
    "MagVar": -2,
    "KI ATC UHF": 250250,
    "KI ATC VHF": 135050,
    "Land": "Iran",
    "Comments": null
  },
  "Sochi-Adler AB 02": {
    "Map-Spezifisch": "Caucasus",
    "TACAN": null,
    "I(C)LS": null,
    "Primär": 127200,
    "Sekundär": 271600,
    "ATIS": 271650,
    "Runway": "02",
    "DCS-AirfieldName": "Sochi-Adler",
    "MagVar": -6,
    "KI ATC UHF": 256000,
    "KI ATC VHF": 127000,
    "Land": "Russland",
    "Comments": null
  },
  "Sochi-Adler AB 06": {
    "Map-Spezifisch": "Caucasus",
    "TACAN": null,
    "I(C)LS": 111100,
    "Primär": 127200,
    "Sekundär": 271600,
    "ATIS": 271650,
    "Runway": "06",
    "DCS-AirfieldName": "Sochi-Adler",
    "MagVar": -6,
    "KI ATC UHF": 256000,
    "KI ATC VHF": 127000,
    "Land": "Russland",
    "Comments": null
  },
  "Sochi-Adler AB 20": {
    "Map-Spezifisch": "Caucasus",
    "TACAN": null,
    "I(C)LS": null,
    "Primär": 127200,
    "Sekundär": 271600,
    "ATIS": 271650,
    "Runway": "20",
    "DCS-AirfieldName": "Sochi-Adler",
    "MagVar": -6,
    "KI ATC UHF": 256000,
    "KI ATC VHF": 127000,
    "Land": "Russland",
    "Comments": null
  },
  "Sochi-Adler AB 24": {
    "Map-Spezifisch": "Caucasus",
    "TACAN": null,
    "I(C)LS": null,
    "Primär": 127200,
    "Sekundär": 271600,
    "ATIS": 271650,
    "Runway": "24",
    "DCS-AirfieldName": "Sochi-Adler",
    "MagVar": -6,
    "KI ATC UHF": 256000,
    "KI ATC VHF": 127000,
    "Land": "Russland",
    "Comments": null
  },
  "Soganlug 14": {
    "Map-Spezifisch": "Caucasus",
    "TACAN": null,
    "I(C)LS": null,
    "Primär": 144600,
    "Sekundär": 238700,
    "ATIS": 238750,
    "Runway": "14",
    "DCS-AirfieldName": "Soganlug",
    "MagVar": -6,
    "KI ATC UHF": 268000,
    "KI ATC VHF": 139000,
    "Land": "Georgien",
    "Comments": null
  },
  "Soganlug 32": {
    "Map-Spezifisch": "Caucasus",
    "TACAN": null,
    "I(C)LS": null,
    "Primär": 144600,
    "Sekundär": 238700,
    "ATIS": 238750,
    "Runway": "32",
    "DCS-AirfieldName": "Soganlug",
    "MagVar": -6,
    "KI ATC UHF": 268000,
    "KI ATC VHF": 139000,
    "Land": "Georgien",
    "Comments": null
  },
  "Sukhumi-Babushara 12": {
    "Map-Spezifisch": "Caucasus",
    "TACAN": null,
    "I(C)LS": null,
    "Primär": 135700,
    "Sekundär": 275800,
    "ATIS": 275850,
    "Runway": "12",
    "DCS-AirfieldName": "Sukhumi-Babushara",
    "MagVar": -6,
    "KI ATC UHF": 258000,
    "KI ATC VHF": 129000,
    "Land": "Abchasien",
    "Comments": null
  },
  "Sukhumi-Babushara 30": {
    "Map-Spezifisch": "Caucasus",
    "TACAN": null,
    "I(C)LS": null,
    "Primär": 135700,
    "Sekundär": 275800,
    "ATIS": 275850,
    "Runway": "30",
    "DCS-AirfieldName": "Sukhumi-Babushara",
    "MagVar": -6,
    "KI ATC UHF": 258000,
    "KI ATC VHF": 129000,
    "Land": "Abchasien",
    "Comments": null
  },
  "Tabqa 09": {
    "Map-Spezifisch": "Syria",
    "TACAN": null,
    "I(C)LS": null,
    "Primär": 119400,
    "Sekundär": 317400,
    "ATIS": 317450,
    "Runway": "09",
    "DCS-AirfieldName": "Tabqa",
    "MagVar": 5,
    "KI ATC UHF": 251150,
    "KI ATC VHF": 118500,
    "Land": "Syrien",
    "Comments": null
  },
  "Tabqa 27": {
    "Map-Spezifisch": "Syria",
    "TACAN": null,
    "I(C)LS": null,
    "Primär": 119400,
    "Sekundär": 317400,
    "ATIS": 317450,
    "Runway": "27",
    "DCS-AirfieldName": "Tabqa",
    "MagVar": 5,
    "KI ATC UHF": 251150,
    "KI ATC VHF": 118500,
    "Land": "Syrien",
    "Comments": null
  },
  "Taftanaz 10": {
    "Map-Spezifisch": "Syria",
    "TACAN": null,
    "I(C)LS": null,
    "Primär": 125100,
    "Sekundär": 320200,
    "ATIS": 320250,
    "Runway": "10",
    "DCS-AirfieldName": "Taftanaz",
    "MagVar": 5,
    "KI ATC UHF": 251200,
    "KI ATC VHF": 122800,
    "Land": "Syrien",
    "Comments": null
  },
  "Taftanaz 28": {
    "Map-Spezifisch": "Syria",
    "TACAN": null,
    "I(C)LS": null,
    "Primär": 125100,
    "Sekundär": 320200,
    "ATIS": 320250,
    "Runway": "28",
    "DCS-AirfieldName": "Taftanaz",
    "MagVar": 5,
    "KI ATC UHF": 251200,
    "KI ATC VHF": 122800,
    "Land": "Syrien",
    "Comments": null
  },
  "Tblisi-Lochini 13R": {
    "Map-Spezifisch": "Caucasus",
    "TACAN": "25X",
    "I(C)LS": 110300,
    "Primär": 127400,
    "Sekundär": 310600,
    "ATIS": 310650,
    "Runway": "13R",
    "DCS-AirfieldName": "Tblisi-Lochini",
    "MagVar": -6,
    "KI ATC UHF": 267000,
    "KI ATC VHF": 138000,
    "Land": "Georgien",
    "Comments": null
  },
  "Tblisi-Lochini 31L": {
    "Map-Spezifisch": "Caucasus",
    "TACAN": "25X",
    "I(C)LS": 108900,
    "Primär": 127400,
    "Sekundär": 310600,
    "ATIS": 310650,
    "Runway": "31L",
    "DCS-AirfieldName": "Tblisi-Lochini",
    "MagVar": -6,
    "KI ATC UHF": 267000,
    "KI ATC VHF": 138000,
    "Land": "Georgien",
    "Comments": null
  },
  "Tunb Island AFB 03": {
    "Map-Spezifisch": "PersianGulf",
    "TACAN": null,
    "I(C)LS": null,
    "Primär": 154900,
    "Sekundär": 282500,
    "ATIS": 282550,
    "Runway": "03",
    "DCS-AirfieldName": "Tunb Island AFB",
    "MagVar": -2,
    "KI ATC UHF": null,
    "KI ATC VHF": null,
    "Land": "Iran",
    "Comments": null
  },
  "Tunb Island AFB 21": {
    "Map-Spezifisch": "PersianGulf",
    "TACAN": null,
    "I(C)LS": null,
    "Primär": 154900,
    "Sekundär": 282500,
    "ATIS": 282550,
    "Runway": "21",
    "DCS-AirfieldName": "Tunb Island AFB",
    "MagVar": -2,
    "KI ATC UHF": null,
    "KI ATC VHF": null,
    "Land": "Iran",
    "Comments": null
  },
  "Tunb Kochak 08": {
    "Map-Spezifisch": "PersianGulf",
    "TACAN": "89X",
    "I(C)LS": null,
    "Primär": 146100,
    "Sekundär": 276800,
    "ATIS": 276850,
    "Runway": "08",
    "DCS-AirfieldName": "Tunb Kochak",
    "MagVar": -2,
    "KI ATC UHF": null,
    "KI ATC VHF": null,
    "Land": "Iran",
    "Comments": null
  },
  "Tunb Kochak 26": {
    "Map-Spezifisch": "PersianGulf",
    "TACAN": "89X",
    "I(C)LS": null,
    "Primär": 146100,
    "Sekundär": 276800,
    "ATIS": 276850,
    "Runway": "26",
    "DCS-AirfieldName": "Tunb Kochak",
    "MagVar": -2,
    "KI ATC UHF": null,
    "KI ATC VHF": null,
    "Land": "Iran",
    "Comments": null
  },
  "Vaziani 13": {
    "Map-Spezifisch": "Caucasus",
    "TACAN": "22X",
    "I(C)LS": 108750,
    "Primär": 125700,
    "Sekundär": 255100,
    "ATIS": 255150,
    "Runway": "13",
    "DCS-AirfieldName": "Vaziani",
    "MagVar": -6,
    "KI ATC UHF": 269000,
    "KI ATC VHF": 140000,
    "Land": "Georgien",
    "Comments": null
  },
  "Vaziani 31": {
    "Map-Spezifisch": "Caucasus",
    "TACAN": "22X",
    "I(C)LS": 108750,
    "Primär": 125700,
    "Sekundär": 255100,
    "ATIS": 255150,
    "Runway": "31",
    "DCS-AirfieldName": "Vaziani",
    "MagVar": -6,
    "KI ATC UHF": 269000,
    "KI ATC VHF": 140000,
    "Land": "Georgien",
    "Comments": null
  },
  "Wujah Al Hajar 02": {
    "Map-Spezifisch": "Syria",
    "TACAN": null,
    "I(C)LS": null,
    "Primär": 137200,
    "Sekundär": 284300,
    "ATIS": 284350,
    "Runway": "02",
    "DCS-AirfieldName": "Wujah Al Hajar",
    "MagVar": 5,
    "KI ATC UHF": 251300,
    "KI ATC VHF": 121500,
    "Land": "Libanon",
    "Comments": null
  },
  "Wujah Al Hajar 20": {
    "Map-Spezifisch": "Syria",
    "TACAN": null,
    "I(C)LS": null,
    "Primär": 137200,
    "Sekundär": 284300,
    "ATIS": 284350,
    "Runway": "02",
    "DCS-AirfieldName": "Wujah Al Hajar",
    "MagVar": 5,
    "KI ATC UHF": 251300,
    "KI ATC VHF": 121500,
    "Land": "Libanon",
    "Comments": null
  }
}